n_day;cumul_low_bound ;cumul_upper_bound
1;9;11
2;18;22
3;27;33
4;36;44
5;45;55
6;54;66
7;63;77
8;72;88
9;81;99
10;90;110
11;99;121
12;108;132
13;117;143
14;126;154
15;135;165
16;144;176
17;153;187
18;162;198
19;171;209
20;180;220
21;189;231
22;198;242
23;207;253
24;216;264
25;225;275
26;234;286
27;243;297
28;252;308
29;261;319
30;270;330
31;279;341
32;288;352
33;297;363
34;306;374
35;315;385
36;324;396
37;333;407
38;342;418
39;351;429
40;360;440
41;369;451
42;378;462
43;387;473
44;396;484
45;405;495
46;414;506
47;423;517
48;432;528
49;441;539
50;450;550
51;459;561
52;468;572
53;477;583
54;486;594
55;495;605
56;504;616
57;513;627
58;522;638
59;531;649
60;540;660
61;549;671
62;558;682
63;567;693
64;576;704
65;585;715
66;594;726
67;603;737
68;612;748
69;621;759
70;630;770
71;639;781
72;648;792
73;657;803
74;666;814
75;675;825
76;684;836
77;693;847
78;702;858
79;711;869
80;720;880
81;729;891
82;738;902
83;747;913
84;756;924
85;765;935
86;774;946
87;783;957
88;792;968
89;801;979
90;810;990
91;819;1001
92;828;1012
93;837;1023
94;846;1034
95;855;1045
96;864;1056
97;873;1067
98;882;1078
99;891;1089
100;900;1100
101;909;1111
102;918;1122
103;927;1133
104;936;1144
105;945;1155
106;954;1166
107;963;1177
108;972;1188
109;981;1199
110;990;1210
111;999;1221
112;1008;1232
113;1017;1243
114;1026;1254
115;1035;1265
116;1044;1276
117;1053;1287
118;1062;1298
119;1071;1309
120;1080;1320
121;1089;1331
122;1098;1342
123;1107;1353
124;1116;1364
125;1125;1375
126;1134;1386
127;1143;1397
128;1152;1408
129;1161;1419
130;1170;1430
131;1179;1441
132;1188;1452
133;1197;1463
134;1206;1474
135;1215;1485
136;1224;1496
137;1233;1507
138;1242;1518
139;1251;1529
140;1260;1540
141;1269;1551
142;1278;1562
143;1287;1573
144;1296;1584
145;1305;1595
146;1314;1606
147;1323;1617
148;1332;1628
149;1341;1639
150;1350;1650
151;1359;1661
152;1368;1672
153;1377;1683
154;1386;1694
155;1395;1705
156;1404;1716
157;1413;1727
158;1422;1738
159;1431;1749
160;1440;1760
161;1449;1771
162;1458;1782
163;1467;1793
164;1476;1804
165;1485;1815
166;1494;1826
167;1503;1837
168;1512;1848
169;1521;1859
170;1530;1870
171;1539;1881
172;1548;1892
173;1559;1903
174;1570;1914
175;1581;1925
176;1592;1936
177;1603;1947
178;1614;1958
179;1625;1969
180;1636;1980
181;1647;1991
182;1658;2002
183;1669;2013
184;1680;2024
185;1691;2035
186;1702;2046
187;1713;2057
188;1724;2068
189;1735;2079
190;1746;2090
191;1757;2101
192;1768;2121
193;1779;2130
194;1790;2139
195;1801;2148
196;1812;2157
197;1823;2166
198;1834;2175
199;1845;2184
200;1856;2193
201;1867;2202
202;1878;2211
203;1889;2220
204;1900;2229
205;1911;2238
206;1922;2247
207;1933;2256
208;1944;2265
209;1955;2274
210;1966;2283
211;1977;2292
212;1988;2301
213;1999;2310
214;2010;2319
215;2021;2328
216;2032;2337
217;2043;2346
218;2054;2355
219;2065;2364
220;2076;2373
221;2087;2382
222;2098;2391
223;2109;2400
224;2120;2409
225;2131;2418
226;2142;2427
227;2153;2436
228;2164;2445
229;2175;2454
230;2186;2463
231;2197;2472
232;2208;2481
233;2219;2490
234;2230;2499
235;2241;2508
236;2252;2517
237;2263;2526
238;2274;2535
239;2285;2544
240;2296;2553
241;2307;2562
242;2318;2571
243;2329;2580
244;2340;2589
245;2351;2598
246;2362;2607
247;2373;2616
248;2384;2625
249;2395;2634
250;2406;2643
251;2417;2652
252;2428;2661
253;2439;2670
254;2450;2679
255;2461;2688
256;2472;2697
257;2483;2706
258;2494;2715
259;2505;2724
260;2516;2733
261;2527;2742
262;2538;2751
263;2549;2760
264;2560;2769
265;2571;2778
266;2582;2787
267;2593;2796
268;2604;2805
269;2615;2814
270;2626;2823
271;2637;2832
272;2648;2841
273;2659;2850
274;2670;2859
275;2681;2868
276;2692;2877
277;2703;2886
278;2714;2895
279;2725;2904
280;2736;2913
281;2747;2922
282;2758;2931
283;2769;2940
284;2780;2949
285;2791;2958
286;2802;2967
287;2813;2976
288;2824;2985
289;2835;2994
290;2846;3003
291;2857;3012
292;2868;3021
293;2879;3030
294;2890;3039
295;2901;3048
296;2912;3057
297;2923;3066
298;2934;3075
299;2945;3084
300;2956;3093
301;2967;3102
302;2978;3111
303;2989;3120
304;3000;3129
305;3011;3138
306;3022;3147
307;3033;3156
308;3044;3165
309;3055;3174
310;3066;3183
311;3077;3192
312;3088;3201
313;3099;3210
314;3110;3219
315;3121;3228
316;3132;3237
317;3143;3246
318;3154;3255
319;3165;3264
320;3176;3273
321;3187;3282
322;3198;3291
323;3209;3300
324;3220;3309
325;3231;3318
326;3242;3327
327;3253;3336
328;3264;3345
329;3275;3354
330;3286;3363
331;3297;3372
332;3308;3381
333;3319;3390
334;3330;3399
335;3341;3408
336;3352;3417
337;3363;3426
338;3374;3435
339;3385;3444
340;3396;3453
341;3407;3462
342;3418;3471
343;3429;3480
344;3440;3489
345;3451;3498
346;3462;3507
347;3473;3516
348;3484;3525
349;3495;3534
350;3506;3543
351;3517;3552
352;3528;3561
353;3539;3570
354;3550;3579
355;3561;3588
356;3572;3597
357;3583;3606
358;3594;3615
359;3605;3624
360;3616;3633
361;3627;3642
362;3638;3651
363;3649;3660
364;3660;3660
365;3660;3660